-838.2524924442325,-1116.7193869303474
-1064.7790506645676,-1243.6491884291802
-1294.4263773914129,-1418.2615900491219
-1093.7861014176333,-1236.8399887228047
-1661.1501034953376,-1023.8432504060895
-1371.3905709556075,-1741.4617153166303
-1540.8725355404679,-1373.9632545600239
-1598.5359416562849,-1709.7866892370407
-1412.2309781352571,-1518.1977812517864
-1547.0901309267176,-1340.9295365829964
-1464.6230151052855,-1470.0485644333178
-1282.976324199986,-1632.921136721247
-1053.519130648711,-1308.5823365650456
-1567.6161856453064,-1433.3204255195647
-1090.5400026319028,-1603.8963348766576
-1339.0079489930652,-1604.3737123836518
-1239.305752404123,-1457.492979856073
-1403.7286305401665,-1412.6295864228855
-1184.9417482796905,-1536.9579501422375
-1374.8515607904078,-1339.1947607023828
-1235.5378284123008,-1374.3779931720967
-1263.481442105154,-1416.822978543921
-1394.229074885216,-1593.0054401733291
-1224.8825679195668,-1630.0684715728912
-1387.7588953793831,-1509.2614446836
-1399.8071971767952,-1458.0944029425302
-1237.7185943068393,-1485.6646355963483
-1150.5056549742467,-1533.3736968298836
-1411.474041345667,-1455.2287248848045
-364.67164421752494,-1290.3645157793944
-1193.1935275537364,-1591.520045979139
-1238.3827485956776,-1384.454161601846
-1264.630153225351,-1332.7254651061955
-1404.2496164120937,-1599.2338076207106
-1332.915707553896,-1519.3703646992253
-1227.9766925620033,-1602.5589039522495
-1024.7526195453324,-1588.6409407880712
-1209.006765297984,-1586.900777404638
-1029.3494628344647,-1587.306177424525
-766.593110058916,-1278.3648644624675
-1110.6537827932268,-1327.396489381487
-1038.354650784872,-1359.1613709263604
-127.27787574913988,-1611.754479366057
-1043.3098483167157,-1291.5473903785587
-995.6524275245945,-1346.6134525180898
-1004.3313905657398,-1329.1612189077612
-1119.4739643349892,-1604.9785349562333
-789.1652308964544,-1353.7942645140017
-1292.4949949363765,-1282.6214298673508
-1120.8867927556826,-1313.0966544379492
-915.5700346233299,-1289.2364159412173
-534.9286344734218,-1284.3686658460135
-1029.5022294017479,-1286.5762370303273
-888.2071933466362,-1590.711984268214
-988.1355337231727,-1245.9053095024028
-915.5303117378081,-1287.5402091336287
-939.5663112935888,-1276.3733053400024
-884.1549506007323,-1238.1832380649494
-782.0945817596353,-1587.6000991276799
-838.7323149607255,-1227.1569615708747
-896.9596567463187,-1173.8015207998476
-785.384553214062,-1353.3287888835864
-784.1169610791248,-1154.751132692869
-957.0603438317247,-1282.6093468278693
-902.5087188591184,-1222.9880403227198
-923.7138719820508,-1249.2982302533717
-783.4443559287347,-1242.4347777703304
-757.733001332961,-1115.3268930366637
-1063.9249626200078,-1444.7965083811994
-1053.0151845949472,-1212.6586158932741
-1047.066915754438,-1597.0890292492938
-898.1053541449212,-1221.4417204528957
-834.2072803956404,-1327.2602731881943
-753.2369405090793,-1271.0030343992444
-850.0245563896646,-1202.92926203723
-674.7477653695796,-1202.3912031695438
-754.6345804191783,-1127.020148301604
-386.17140175380695,-1214.5842320410588
-416.4662040355825,-1200.6178666659303
-12.214670483448213,-1578.6075835180004
-448.9886665142008,-1414.3706511173373
-131.16924155182846,-1195.09378119458
-7.3090175666546555,-1178.8397490990167
-131.79632193551635,-1589.0540240301432
-502.6639240563642,-1111.360541904421
-741.1662710530628,-1126.9356504572884
-129.33022673877932,-1176.2864311351525
-5.082312134163024,-1151.0035518945488
-126.86097742617974,-1582.2724163468147
-838.8178980008956,-1579.14470064329
-127.09107348616648,-1165.347288638127
-646.9970853831782,-1178.0863003347488
-500.22989614878753,-1249.8489222672742
-129.67574637269865,-1191.3213066449607
-259.1161486375187,-1152.976708429606
-900.1955612491694,-1166.3192219897078
-768.0182295488975,-1134.9420978794155
-511.315302791117,-1167.2635138356577
-385.2441650854394,-1111.2416827206134
-783.7873719405801,-1305.1483237916084
-125.3163313849368,-1110.3941907818307
-874.8216187179854,-1111.8046565096806
-134.68512025187107,-992.4863313084347
-754.3884994745183,-1146.3496968012428
-510.45990182397276,-1158.183560927589
-7.876185922029422,-1158.021475161618
-745.6095446618732,-1144.2039635771976
-377.39281357792896,-1117.3728249490068
-647.4263631639859,-1165.9751695860857
-711.7519648134502,-1240.3848300620455
-134.8752522941076,-1155.8404127016809
-641.323124427255,-1102.0761759199447
-255.73014363224647,-1140.9615148637897
-622.2493343067877,-1584.1910136642437
-371.6680282300652,-1133.3744477527353
-760.216007329837,-1158.122294900001
-367.88686776283885,-1144.9662808471917
-256.72453748268464,-1087.2337467228392
-254.86571687806665,-1080.0327273950627
-400.46430678096635,-1550.4841050841865
-5.50357425708846,-1129.9856471622325
-256.8967685523247,-1114.9826641914244
-844.6803750139505,-1247.1950975266702
-10.03953465166211,-1581.5311093856392
-515.1206314069533,-1549.894886877406
-133.19365385834186,-1184.6663212412238
-384.75700633805553,-1090.7579336879478
-500.9985193567871,-1213.0786871609882
-383.9174252459963,-871.9462676964177
-257.76189751975016,-1091.9296034640097
-788.3899177012071,-1020.9818454780798
-742.1874443990389,-1581.1506041693958
-756.1462037573627,-1093.623096300067
-383.8934884985221,-1126.614988791053
-763.0517377321399,-1106.6411053490017
-761.3079582503339,-1173.2729435120193
-254.8892647436163,-1582.989511570332
-802.8314822700462,-1096.3078153176914
-695.0113894809192,-1583.983843980075
-261.12532977082594,-1002.4160561313007
-728.7553155058783,-1120.555130315028
-797.5266247113015,-1140.1543181461711
-628.977508315293,-1135.1889676745143
-522.5558780856163,-1635.4916120863422
-267.5891324065276,-1233.5364649880803
-510.2988056450536,-1121.9840472937535
-389.69691203533387,-1176.230524209276
-1059.7395610702029,-1168.4983815357818
-776.7999566556042,-1583.6496258701454
-387.9388928173125,-1210.421389565022
-409.74683160910155,-1155.6879500475409
-271.51814281978176,-1170.794812340842
-624.2625660085164,-1169.0251702394835
-141.24654507674398,-1538.2819678875649
-630.7030399616298,-1252.3005885054868
-261.82513729761996,-1153.2934778781243
-1024.5955021915156,-1150.1673019988784
-143.40334332104024,-1162.067900337628
-136.60850918934773,-1587.2776247672352
-1040.8398167998341,-1144.7299667139973
-135.601804576361,-1130.7941711336327
-348.8530409596408,-1198.8666429242635
-130.86803422336007,-1195.398574373597
-132.32962666561374,-1093.0892393679717
-129.6370751698195,-1135.1155561309427
-432.7564354075459,-1255.2125016815567
-137.82727108920506,-1111.3981811176095
-138.03946724822413,-1105.6577680447162
-125.76708836105753,-1197.0273604352653
-252.88395490998596,-1137.1704944880648
-126.28098330035414,-1108.0908429310919
-247.98391546345738,-1118.507955156595
-1220.004903711682,-1543.302864082726
-11.481438437138559,-1103.036041854372
-13.242534935740808,-1586.4000634452204
-134.9909875911991,-1293.4159589530682
-254.17696906458346,-1161.29640809213
-1370.1502211879044,-1110.532806108783
-9.330797047761543,-1581.033050085496
-1370.6603325070957,-1076.3818291599098
-1327.1850189366503,-1144.9140780718633
-1318.9231699410466,-1541.8308089168772
-1187.678554045274,-1279.6604558161707
-247.53458750287783,-1159.020488572674
-7.377816965238237,-1157.48066002982
-131.36108013014444,-1583.8749990018678
-129.88246106932206,-1592.0826378842085
-517.0752926910362,-1536.4599241624942
-252.0124075430282,-1184.3711460540785
-426.1559482859162,-1127.888634188223
-240.14327787969785,-1128.5169623755148
-122.94638323281224,-1149.9117637680404
-387.3602709197658,-1165.0533793114948
-128.59356641478422,-1113.6848724244085
-130.95051237859641,-1191.0722336301421
-129.04215170289848,-1164.1068297520453
-248.65363120078246,-1135.0768585772958
-380.40731352580684,-1212.3245009367565
-386.66438783193587,-1127.3392360046053
-375.99549862168647,-1094.235265861665
-4.116492472583333,-1128.2820369257156
-130.49743541594654,-1434.8315444708442
-371.0177395551812,-1142.4171282690327
-763.4411128648868,-1126.4017059484142
-924.9642876748667,-1000.5338803583146
-894.6212951754069,-1347.1211233312
-902.7483170386071,-1554.558095975048
-252.3670364354063,-1053.826333855134
-449.3269095083973,-1269.7301034737945
-868.3386269598932,-1107.7179141128083
-238.77612967547057,-1585.019059444169
-247.7777666390551,-1113.970703657712
-248.32087360200325,-1160.7619907747066
-251.1627943127189,-1585.0663779463023
-262.1807017630885,-1527.37049131927
-251.36770266675435,-1186.8420229518233
-769.5806990771233,-1136.784555532057
-250.4694877860149,-1227.4421645864052
-251.00641334234422,-1154.7599008080874
-371.94996596352223,-1153.5717168472902
-130.63859400209714,-1178.5891761078012
-374.4854348196249,-1587.8013046878125
-259.24348222930917,-1582.2580200808043
-262.65206021984716,-1176.002902973938
-253.8310238184338,-1022.4624703196491
-126.49403696254231,-1148.746815214809
-130.9636537893086,-1078.8138343387984
-7.685746327953116,-1129.888435862976
-126.7222498589104,-1165.3258552393918
-131.97976983524964,-1177.4356776958903
-131.8355810263549,-1187.743493295276
-122.41959292776036,-1209.0805577909762
-124.27551949881527,-1258.6637724262325
-131.87584435050482,-1110.9297305717503
-126.6380492720912,-1152.5940027257664
-1140.1667062341483,-1195.5810482301545
-133.04540445089216,-1158.9214385269174
-924.2885667521517,-1182.8850890687359
-126.95812923209995,-1184.4179807362557
-1007.3336364445599,-1192.4245574945458
-1040.377521558547,-1117.7506407640267
-906.8723313234267,-1174.879575324513
-1049.3935142820035,-1265.9264006413302
-6.452890504606582,-1173.5781184980096
-1053.1709273088313,-1179.218230746703
-5.299314278537562,-1200.011542893679
-252.64071654467114,-1587.4759878132281
-772.840378432786,-1159.1998406462505
-248.1134858179119,-1585.3409302688376
-2.48975248203196,-1164.8351612336803
-248.5740599277703,-1161.2147802884865
-131.27062491837302,-1154.7754656581146
-2.275333674744741,-1160.0796046024009
-124.3404764911801,-1165.9668904992945
-259.6076356977472,-1143.0614894794915
-250.22996359219053,-1582.0712031295052
-257.2259234839051,-1146.5458875054642
-380.9515342175122,-1281.038419552298
-258.56616621047317,-1170.4555142934882
-128.0143919076349,-1136.0142889172848
-383.65809201805246,-1282.317665763704
-250.90069345823872,-1152.3398673182353
-252.91223943119613,-1599.6897677754368
-493.5991963731485,-1282.6879814369083
-257.2819224270185,-1197.3436581016967
-513.6626059316461,-1184.69625405411
-130.23768145000986,-1165.4328026647438
-259.4102226311158,-1090.5492174865308
-371.93151751952337,-1160.6177999566398
-380.48207054397983,-1169.9550506001037
-248.6490702379804,-1162.5625287212154
-526.278253750765,-1208.7847761563282
-254.7393845728269,-1160.1436253185932
-488.5448964815323,-1382.6988996439823
-610.2026584825965,-1143.2286797742963
-501.1068728372519,-1431.814800154298
-254.3578952865515,-1376.2602784732883
-484.8832550213891,-1584.016465401353
-375.73342309980137,-1171.2322083413987
-262.6477557081439,-1214.867970789671
-2.234181122291469,-1365.0879779784943
-382.47932604357413,-1583.7241913649093
-499.019100007055,-1181.8843656204353
-2.2077666222287755,-1576.3639021980946
-127.4043178807501,-1583.451559496785
-127.43413564111397,-1258.967945967472
-126.42950581742743,-1551.0754471824782
-258.64791779463604,-1229.3045215618608
-2.0792082683810786,-1194.6464936610491
-122.75430307786598,-1133.083254806702
-257.0597317006445,-1160.6320042809402
-498.8681828245453,-1183.9994364295133
-131.99591334752398,-1241.5329116291011
-257.05069959367097,-1119.208736013204
-1.3923501201954254,-1338.197808300474
-1071.8226240959905,-1071.5344482398352
-131.09724632164756,-1147.6071489322608
-248.40540958442992,-1184.491951108314
-237.62334826210693,-1140.6012041018564
-494.0655218397153,-387.94537509301034
-127.45355140069003,-1256.648808841873
-1.3400847569545202,-1147.6684689218303
-127.24484263915265,-1165.54436007113
-126.06933899047033,-1140.2766119547791
-128.44415887247024,-1604.7243760479537
-249.17357375097623,-1224.0938680518955
-1.5687485982159728,-1174.2878198515236
-385.36417764960277,-1157.5058956720982
-640.5586154447458,-1177.9259284134585
-257.4719265303657,-146.93111375715824
-251.78273372657733,-1571.347203063231
-356.61797347437584,-1581.1670443795222
-125.62387920559719,-1170.9192880826724
-383.9994340418758,-1155.7760856920197
-256.76635603829595,-902.259234463654
-121.88907147595168,-1096.6480903769636
-253.5122918371625,-1258.2201437978663
-255.12352314934643,-1434.0511148755904
-1.7702099822454982,-1184.9989497556621
-114.87428389091035,-1194.4805359401892
-120.63948624030486,-1166.733185700228
-120.7833352078876,-1202.7771777820533
-125.34516029221247,-1397.3653625275622
-244.6201857426883,-1178.9353442607194
-760.0952323769931,-1207.0615945986858
-781.0482424153378,-1202.393781651774
-121.05979800276373,-1157.665947726913
-1039.2547403384817,-1158.7083338713217
-2.2451575584611256,-1585.2818385149067
-1045.1158157994412,-1137.4033669957387
-919.6523726573923,-1181.2107802551352
-1065.5740678694958,-1192.0935107289822
-912.8550941058116,-1274.4474913602598
-778.1725947274466,-1210.322014081935
-243.68581974084367,-1587.8145777477469
-126.63463409703301,-1137.3017004613278
-127.90224542681048,-1581.9584685371844
-249.9331452494774,-1143.418267173702
-405.0942334175905,-1146.247885392821
-132.98244299372934,-1160.1276701429167
-119.70065177237232,-1155.6717706863517
-290.195226933038,-1174.7378155284316
-2.249949857686641,-1550.6714475880144
-361.69478899078763,-1097.6153527512865
-373.52790642207543,-1137.465939862026
-368.0036028778833,-1245.6635531034467
-241.2861433682991,-1546.108633935172
-235.48836806257395,-3.3428671106595367
-385.9341255505548,-1280.6677060409081
-241.81396856505688,-1152.36597613581
-489.69920114836503,-1221.8315209061861
-343.1144466285304,-1223.103972680468
-127.68607347357371,-1264.0462364009243
-360.19762467689577,-1579.6908147489648
-123.16759270581572,-1167.3337460912403
-252.08787833997428,-1587.2982458936413
-383.84926037964243,-1552.756299882941
-125.85878779690215,-1232.9888530976314
-127.5772297755783,-1213.3787207761538
-122.42669836477133,-1147.110917051895
-124.38004710730215,-1345.8689335558413
-250.7591140939499,-1188.2513691493543
-122.15930621791662,-1226.7151590251253
-120.58174058429256,-1541.0767214250834
-124.4533581027208,-1156.0904147766569
-3.5401768100038633,-1235.283520118052
-130.28191040177126,-1163.761018955759
-242.6482444389013,-1162.4911919842007
-242.82821821889203,-1176.5643292815694
-231.56294172370872,-1586.6139569969275
-120.1902005979435,-1124.6733829949058
-1.350006608137898,-1165.1624960312827
-116.18695333155763,-1334.0162557642268
-1161.2294409393655,-1229.7370377224831
-1.8432660652614026,-1260.4127821653512
-126.57777155141207,-1276.7789730379234
-228.40451400896464,-1588.685911650337
-759.4679300328864,-1167.8846803936838
-495.41015563277807,-1160.8287788567268
-392.69198734177473,-1164.4407261735805
-250.75607639984233,-1216.6568797336458
-245.1075415977446,-1203.365218994686
-124.16616704300719,-1238.2840703934776
-388.23785343651707,-1209.9219367457436
-1.7813298851073287,-1540.357593426609
-358.18681011397234,-1197.3320173132718
-370.2591618639788,-1202.0074523884095
-124.16843466108284,-1223.8992115264803
-124.8840831956673,-1329.265199391124
-125.13594216104639,-1137.791557448659
-248.80684560853786,-1163.4232934478798
-125.47069500269369,-1169.1341772457804
-117.61122091178864,-1230.9464627265434
-269.49465050954217,-1214.4984367692182
-1177.8763822493133,-1227.3274915833063
-129.90732314301655,-1202.801293009266
-126.50470390056881,-1219.3029368745513
-126.29843000712707,-999.0705947812613
-126.85845893202912,-1265.7138903107698
-1.6600333709945396,-1200.2650126630188
-382.6411302822757,-1230.5928276599489
-128.90018962572145,-1172.0230710514056
-127.45495700241277,-1294.9946507672994
-252.90149114311492,-1146.198989412655
-119.32226851182284,-1376.625218817214
-128.41052344315318,-1332.7499962967877
-377.86098974401443,-1239.76406796692
-249.95660476880695,-5.967246242022364
-356.6454205694721,-1174.1770804288565
-126.43272733310428,-1540.9860644247578
-127.0774565626809,-1416.977568662671
-1.1884146161822593,-1123.5123077776384
-237.0269069954363,-1220.3054877327322
-266.3270173932326,-1263.2329640762712
-256.7305025608873,-1127.8667097107707
-124.642926344327,-1151.068548093812
-362.8851955218236,-1539.9421393074756
-126.62402869201327,-1203.3161197350603
-128.12538891013526,-1590.0253752851208
-121.64251687211346,-1212.8523824373003
-124.10418190747158,-1235.177915707311
-117.02797738925004,-1147.2299871810408
-1.8944186812525172,-1199.2845542367552
-237.19064302277363,-1234.070144570256
-244.69543514275028,-1184.2117331600505
-239.047414529337,-1161.7895014003623
-905.5800072358227,-1191.7185877462998
-125.3970915340456,-1177.9780313071958
-354.13321297896863,-1198.3786675189606
-235.42219364720358,-1241.9032276268767
-255.15440791574878,-1167.9273583104205
-115.11434254703033,-1242.0649057441922
-126.36895894593053,-1255.541073889356
-122.47540203773052,-1075.1764125836094
-125.39980157053162,-1191.342225503968
-126.84880595863439,-1227.1692777296369
-119.53139871562334,-1240.655130809501
-125.72332267766086,-1275.4022624252086
-126.53708409698538,-1241.434028188405
-120.99955239167524,-1542.3236527404854
-123.40581310877894,-1250.0389005064426
-882.3488599252116,-929.3092637575425
-255.13598466375484,-1234.5822437684506
-127.61069144929051,-1589.1649547492766
-120.7426590150409,-1250.8512894988874
-253.58373528760276,-1243.3682366417884
-126.49528699401536,-1181.2678202492161
-233.4286290622116,-1586.0948515600978
-247.6030375031628,-1160.360676799832
-372.863388070541,-1248.9029931108746
-120.20568409076691,-1255.0284177552298
-120.82873008466672,-1543.9809614792853
-249.8767943300211,-1544.9504661192902
-252.17297061215953,-416.14359134239083
-233.95305846477578,-1214.4853435036925
-129.46522935426887,-1218.4868289280307
-124.7997271081174,-1541.3415793943477
-121.23873453753568,-1245.67557712539
-120.06318171423698,-1539.6830870929766
-0.36992836002703083,-1208.2891385094379
-124.9244006197396,-1167.9309103984872
-114.38609946195591,-1220.8239966630763
-1068.3732498832226,-1163.1256754715312
-233.79830527662023,-1233.2369163829037
-277.8741400553325,-1169.2468669408322
-127.02788368901662,-1177.4051380021551
-249.91786045683656,-1192.2441577222123
-368.91270995638405,-1539.2759669406446
-235.94388255255546,-1585.397636190089
-0.3830368509877775,-1200.286238410769
-232.42093270603246,-1221.360193907172
-126.43163872692365,-1215.1250664580198
-123.1323294069233,-1606.0404176419236
-232.18848849705398,-1275.7253421260762
-120.0250856600403,-1212.5813829683962
-125.56232328427961,-1006.3737381960593
-129.6903793166795,-1233.581370552338
-123.89176761199157,-1226.1363884925006
-126.37928066445475,-1228.4729642339148
-373.5374542578083,-1205.8979189899935
-120.62000284181018,-1177.2764885154372
-8.834924668781317,-1.7651752740824396
-121.2919123517725,-1241.1657305939882
-1.446427555731128,-1.0355182297225258
-123.01543237467307,-1238.1591968634095
-126.03227627208655,-1202.4919315652344
-2.148265887512647,-6.568557510870776
-127.40400145947385,-2.1562859891787114
-130.5125667107444,-1196.4160186771262
-129.67161826049318,-1194.8026282684825
-623.2158531738075,-1232.4346894182054
-126.21877671775432,-3.125857996958146
-262.3793045286468,-1239.2487470416058
-126.35330103880476,-1315.99149985015
-235.07570290622718,-1211.6886674736068
-236.8263309437902,-1539.4824750812325
-1324.8260537445492,-1201.2950888283506
-126.20591926247673,-1226.802713212792
-1.5741476405712562,-1282.7181737729195
-275.9429609438689,-1.1739958475328955
-116.49644630166404,-0.8404749327223796
-360.4251316473987,-1.0041456214963402
-122.04942614385102,-1139.442154662736
-117.89397440649738,-1.1862489052362148
-120.10684469674109,-1196.4288395864573
-127.74962341723992,-0.3861701181504254
-244.3753825853543,-1232.6099859964124
-511.2385863126445,-1211.2133758684706
-231.84377638815738,-1587.9469298316285
-114.91241812895991,-0.6999184915635804
-127.81492953992591,-1135.7496562946833
-495.297995272911,-1193.0554084038158
-124.72577465091864,-1195.631450464609
-889.9050693456949,-1286.9143615852972
-119.30583130860927,-1356.6970097945284
-121.60257477527277,-1190.9864702389243
-117.37736510707886,-1587.67055402337
-125.33854718588009,-1190.9669052294962
-501.8134685652946,-1587.6017821586527
-125.10477570475531,-1195.747330185878
-249.12483028990016,-1550.8702567524683
-121.37259922737977,-799.9759744603838
-119.41867835676214,-1027.405495954855
-1.220901717569959,-1193.4454240960629
-3.6135266970865034,-1172.4268295417537
-292.8819142165908,-1589.0732801485472
-125.8096419999086,-1227.896752383636
-126.63726229674451,-4.866417017954475
-247.06077286395023,-2.779223703448191
-119.37732990816143,-2.846675606473904
-122.53020034467278,-1238.9770444208352
-125.47233864787987,-1229.26454134082
-236.41693978739295,-1558.1833214680053
-114.57646298774529,-1173.8545789090783
-116.47716639990028,-1222.9896812662453
-123.37395719968346,-1208.4432992279085
-239.56873055735701,-1203.104712127534
-1.2690914464713525,-1135.971265433315
-126.54616070560297,-1223.0006583657107
-126.30560555817844,-1174.7179635409514
-119.97090322314293,-1577.722142891851
-125.9402803643516,-1342.915889691518
-390.2297122482017,-1228.0363932683792
-263.4873277754598,-1206.5448615793764
-234.69927454412328,-1200.953409343755
-239.17001813826846,-1190.7854783260548
-123.47167077828938,-1539.2655570863244
-231.35624904738617,-1266.148529407014
-231.47134903643567,-1580.9367552554218
-123.5807103353442,-1159.3668616111681
-121.54252594384033,-1585.643623109386
-1.9986995648354862,-2.217043018592166
-418.9468144557017,-1223.5300043701463
-235.2635782543702,-1381.241598104622
-248.4443172700276,-1540.2398743565884
-1012.4287523149519,-1217.2782952981634
-907.2438362094456,-1191.9922471577165
-380.5674276247271,-1207.7385652116338
-125.78419387199577,-1320.2186037320887
-268.5069949065692,-1196.370836268853
-512.2913106443842,-1227.629077257817
-234.88726472914794,-1154.031490039529
-126.45179238973681,-1201.7418016169497
-1.3295035993822042,-1301.6472016972837
-118.45037069972425,-1210.3362988714484
-254.2037531268066,-1589.4875734813895
-129.37538995872242,-1193.7914899614782
-126.61818357700123,-1588.443969203229
-1.7554410271943452,-1216.6104143794491
-129.53180326086277,-1171.4287403105207
-125.02328013164004,-1589.2861257358181
-122.6770680345194,-1211.642421226224
-236.5407415012423,-1179.905379722522
-127.63161462047766,-554.9766183052755
-128.7520074687331,-1235.3755869358952
-255.52202811291838,-1189.8801021598686
-2.5471736824010622,-1213.747431694076
-127.12722321087108,-1229.868624496598
-128.79179210665006,-681.7011729204125
-250.51120261252723,-1192.4714411940417
-257.2543072881715,-447.5075991633473
-129.04428502549243,-1195.7972490233203
-431.73417364057264,-1255.0314843545004
-393.21335195189306,-1214.3756744977177
-129.2496595994438,-1210.2847014924466
-124.40043829341428,-1288.222709184057
-2.9262271557514885,-1183.3720540258284
-5.637385390978616,-1221.7010185015472
-259.3372046493171,-1165.0775855310233
-117.57937415130617,-1236.4144875438437
-350.19883921399014,-1217.6149467365879
-126.94411374296986,-1188.4267030969572
-124.32316854303716,-1341.4696103107772
-238.89369481808822,-1610.5277209474095
-3.3926562154924187,-1.869763433918159
-240.40724091997544,-1.3074462223977554
-237.4859137606927,-1342.312512044692
-118.9410447467842,-1183.8069322697859
-129.61671413807878,-1161.7050680344066
-125.28822107614423,-1357.1421683074652
-127.40444574910184,-1241.016392197256
-130.98371384388457,-1218.8775093595316
-256.42161286979535,-1189.6739360441954
-255.79824790835156,-1247.3741317065383
-6.148404757566609,-1.6650124907249657
-354.7919720927827,-1222.7445199460385
-4.336786323716692,-1583.3129078645595
-126.50251406639921,-1198.7153134722137
-236.17509375586368,-1190.9926833285554
-519.9351905340055,-1545.488074042316
-252.56316626961262,-1241.891905162346
-240.10716197606405,-1215.4253149007611
-1028.8203061617742,-1223.798482579606
-116.02023132589876,-1212.3039129868666
-120.60046336501868,-1209.2672248780273
-125.12213286704473,-1191.0927937936037
-126.73025617032867,-1184.0800815382058
-127.44863391186031,-1211.5462973384365
-118.6330591153031,-1586.902775460387
-127.03830121244417,-1290.0318630822273
-126.37206133830865,-1216.3562374222809
-242.38907403967582,-1219.876471240652
-418.36143424833983,-1181.2970215140006
-126.5812027454114,-1178.1902594438711
-127.75391108342706,-1542.9635227165363
-121.39905214251927,-1234.4930609385124
-126.55515451423169,-1206.060546094339
-128.9611537831489,-1.5465549262098288
-348.07312218862285,-1202.0999414742173
-2.137046157857746,-1194.084638979326
-373.72862462527195,-1544.6902999232645
-125.15864221586922,-1338.0545894951517
-1.9992878004949266,-1180.8459369691645
-121.26399996079128,-1172.5137364390937
-124.7816515060729,-1227.490268671779
-239.16797639702904,-1541.5258544784847
-126.42304726963397,-1383.3548942776638
-126.6116685344407,-1226.6376078571066
-264.46812532933006,-1185.0406215133821
-245.89759831294526,-3.5687679145528937
-123.96609590097057,-1223.6231099560464
-2.6472259022175857,-1212.9046365545187
-241.71885541486284,-1188.547730170097
-115.59491547298786,-1219.840921459522
-248.16311916859647,-1241.080369841399
-126.29452318449813,-1539.887621889022
-434.55483249110966,-1211.8098301206942
-264.5562126134623,-1540.5076286032197
-244.04967084797522,-1186.047286096343
-131.5537717777545,-1191.5653580950761
-128.98420400602686,-1255.1138015539968
-126.44163228257763,-1175.9033300797373
-128.3027180263324,-1215.4458564576353
-126.31306869819309,-1538.948705289176
-247.7255855563638,-1174.8994651079731
-117.73072582069581,-1179.4298885496103
-114.54337783184238,-1198.471627298009
-369.5474136937932,-1541.3104938293995
-237.789122968865,-1247.6019309170283
-232.0635101555796,-1.9360161071336741
-357.5992816332256,-1188.3096541088814
-290.82946315441484,-1.312288268222938
-464.9147306571311,-1190.018606836353
-238.85598711907966,-1193.5713827870875
-354.3496947891474,-1271.9369537598595
-271.6548433744585,-1225.0152830805052
-257.63786381019645,-1258.9447892137678
-125.14042760778293,-1159.2873631103905
-241.14720673096056,-1131.9365594809717
-131.11108316887987,-1045.167645015801
-237.12049761172517,-1218.8157269655687
-255.47335118219854,-1209.262991856196
-255.67296187281855,-1246.467765431647
-121.65849640699956,-1218.6275587815933
-127.412346524383,-1540.2812766745787
-124.83774631820324,-1586.7508942463417
-127.53001909835518,-1257.0956041786494
-906.3600693172821,-3.423710670067061
-117.45992870918381,-1300.548074237169
-238.16695061436926,-1575.173175902467
-237.35128024424387,-7.371364817003753
-238.52611485166904,-1226.4540750600722
-6.675563554813046,-1247.5133823724161
-121.97612584443047,-1576.9185912401115
-364.9717239854058,-1247.181948692587
-996.4099599693926,-1248.3457617657718
-380.33367072633035,-1193.9176636350414
-129.4144297580949,-1258.0095756475541
-128.11927864867235,-1203.1386656772688
-127.8902076373152,-1253.94032379874
-132.0737214608463,-1273.7853075004343
-241.33452740215378,-1585.322677200472
-127.04102254536011,-1544.2932684959762
-369.0617176060685,-1203.509289930098
-124.48496624421055,-1204.6522922548206
-127.55333345473508,-1260.7706167112688
-125.64464040030276,-1293.5914260103027
-3.6644249244249845,-1550.7668584476385
-360.7498216551118,-1.1876267290942268
-232.281716852372,-1249.9997191827952
-125.95768749687028,-1270.940216556228
-240.55188765049772,-1326.0518052441319
-246.03458058285196,-1224.2324176368295
-3.887637469142472,-1558.710603965535
-125.3048146281893,-1574.7975258705255
-799.1812766243074,-1070.0271533166374
-249.37876458980045,-1374.0647081145478
-234.16655984867796,-1207.0158552754017
-240.7613536831634,-1589.7717716777715
-236.53137146264535,-1.315221184080265
-128.68144687076267,-1242.6993460025412
-125.45478841498466,-1586.6343847728529
-235.94552697501783,-5.545764877864863
-248.15870435441514,-1186.8414019297038
-237.03581407310426,-1.2376706560931348
-1026.265754298041,-1.0150038676346032
-4.475296612476132,-1272.4259988940908
-128.77382505600502,-1238.0224798265672
-128.59212581038858,-1.6615205171544996
-356.3075772610337,-1.38623190756796
-125.97877524880195,-1240.7824067120496
-119.74799342442638,-1572.6303389824277
-121.35252080897023,-1305.2997096468675
-255.45561224023808,-1249.9261412845442
-448.3693601210659,-1219.989875671632
-268.1860848593198,-1240.7478833796222
-235.9066571606051,-1237.920044422023
-524.0709945222206,-1237.384495985042
-128.57048453671965,-2.2112642834216483
-1.3090376573982108,-1295.0683282468271
-122.5093308964711,-1237.124832382888
-125.10288355753916,-1.3739250392177875
-123.34209611337893,-1271.2932085156287
-130.88038755939644,-1183.9452242679558
-125.03962504861691,-1580.2831674892118
-240.0777489692511,-1264.8693032027713
-127.34952078308379,-1238.9094433571806
-123.76480202167176,-1199.8268094365224
-493.22804416978244,-1574.1213217136071
-119.53158831833429,-1323.4014258441753
-127.39210058993798,-1255.4217105537628
-125.83828216713026,-1270.2988654773499
-891.1458294416667,-1384.4469786967734
-116.69865242679472,-1204.8166389134944
-352.28393524985006,-1235.1332285026579
-252.55704508700398,-1119.397371872407
-124.29328936578025,-1259.232792025888
-331.2192568942568,-1185.6420450665084
-123.38177606536136,-1232.9381092607853
-387.182593463117,-1239.9823182773982
-385.2020779908604,-1225.2609594042817
-114.22091433575105,-1545.10478751844
-393.5580334185121,-1177.111672169717
-115.74645514260202,-1570.3403286594826
-123.85913377399156,-1579.4093291830616
-344.60151815908483,-1257.256074814183
-117.91590970171087,-1227.7944525348496
-122.19292695559834,-1420.8668175505977
-127.04702391140704,-1229.8218630944002
-1252.3156615077405,-1227.9872145424697
-332.5650895962915,-1158.483532468521
-125.46677686021847,-1269.4142317576723
-254.4619473082461,-1544.1694194271608
-1.5538657396253284,-1154.860744575878
-118.19550712795095,-1371.9968696779097
-0.8186740923517426,-4.273937621765884
-124.54436560403114,-1186.782513979551
-0.9718348778687909,-1586.5131129322867
-259.60690673614215,-1228.6899631848266
-129.47112885869757,-1179.9647303695701
-125.5225449574118,-1197.310723736036
-128.06399042832416,-1325.902890256056
-244.11901000914702,-1194.9901016881447
-355.17296203392385,-1562.9681149213193
-114.8404259345357,-1218.410310778002
-125.86053245489971,-1543.3519275099884
-1.7507240531810713,-1546.3826723075017
-1.5031500416304813,-1228.9803339870778
-1.268623765002414,-1542.231940722636
-289.1662404250766,-1211.558491908993
-121.79925529594769,-1260.8055041365044
-126.47971299126944,-3.209125984392649
-371.91624823630957,-1233.676465410267
-121.5651285679148,-1200.031919353034
-2.6135274690181185,-1184.8123931442208
-443.10741760060745,-1585.4779336224397
-484.64192052160047,-1594.8014743304034
-248.5676959326292,-1409.7064149247988
-2.9145472616902803,-1237.01822251041
-240.25402919062333,-1260.7840435075427
-314.7056137368271,-1262.9378751844752
-251.98850748113793,-1578.5148431838275
-121.10218422667012,-1210.3314490974624
-236.73930965675078,-1260.1017218609459
-2.4356782486461745,-1193.4522913669057
-116.5321173101966,-1221.3882946786468
-2.4433394383230596,-1206.0359874584494
-2.089782389444748,-1538.9064646058844
-123.35185885250267,-1545.1323168677084
-238.8384578615734,-1236.4077809373987
-121.22029081154052,-1250.4544832682227
-129.4029735633459,-1199.2511391505989
-127.36482641988644,-1194.1095869009328
-4.9211538144122455,-1250.8181181276839
-2.230904584272358,-1197.1668053609355
-125.81539293676371,-1147.9494178470889
-0.4385802724348818,-1213.1875042941554
-254.39155286771117,-1.7979218407351363
-365.6147771216826,-1234.724701652751
-251.6118433573359,-1423.0982630027956
-234.4542689643898,-1184.8209933091475
-1.427666290918005,-1579.1325616542752
-250.07983818316742,-1225.803638214277
-120.84983490788534,-1220.9646341061782
-126.57491246499721,-1205.7432035176146
-238.0462786866937,-1269.7065620045769
-337.2345204541718,-1229.8116882094641
-836.8349005644765,-0.8877014554405455
-240.30144956457056,-1441.7634075864996
-119.25409512026934,-1235.7587667752173
-241.43453591481511,-2.4861082437535624
-128.56276276618254,-1108.866198286283
-126.29932358299212,-1222.6903928097536
-426.17656996818926,-1334.9952824801376
-386.5528764423025,-1351.676975781076
-238.32963160689968,-1215.005729790902
-123.22437201111718,-1581.6060359748212
-125.5109610097875,-1162.1694609111994
-128.72839351457728,-1255.0937832551094
-1.0579866814620462,-1158.924432714381
-116.00407726551143,-1257.7302267093776
-373.02649515254495,-1213.7628368589706
-232.77749254299925,-1232.3723136848687
-385.90112015246274,-1599.8682597590819
-124.91138625173294,-1214.788851455516
-122.8021485746376,-1345.6187252980517
-0.5552121605340118,-1231.1413755520434
-129.24830611332925,-1383.7199965933216
-243.04922630712872,-1358.0125380502625
-239.44607135841372,-1211.3319011536735
-123.52805111960036,-1224.934601491747
-126.61077454597783,-1581.2073461526256
-124.77844689214334,-1230.702586658967
-128.74682097108018,-1220.8665098836464
-270.3376201627729,-1131.675266082499
-369.0555235043651,-1434.8913412624086
-247.12353983781415,-1576.8187392612979
-240.55098971108794,-1221.3367231965337
-2.809105843280844,-1169.9144369212497
-343.7876426815329,-1208.7497666191196
-243.60748454251348,-1244.0196352579358
-241.17269874451745,-1309.9408000022556
-359.37532081201726,-1231.8045021829382
-365.51317639835605,-1223.153107696471
-128.20081628421997,-1231.5225376949766
-369.32218259496494,-1216.0979718613912
-118.21183979204773,-1213.2196109286526
-230.5914183847853,-1243.202640014682
-345.2052427655578,-1221.5056324344134
-123.44796099243777,-1542.9069160795464
-236.93222851369887,-1216.6239516350458
-128.20908044502858,-1584.0687485602677
-2.6874758689755955,-1195.1180807373173
-246.12413319075574,-1237.8818827855096
-644.2712951780853,-1203.2485994781143
-128.31627880996703,-1545.5537553123704
-251.15320053607334,-1543.6946739446441
-258.0171975675052,-1587.4061018996172
-248.08438498708173,-1268.0594569341795
-521.4740301201188,-1577.4977316793845
-262.2958209230523,-1587.6048216509375
-126.38216553939874,-1587.9538349447707
-302.65771191023964,-679.1142558635678
-125.56131180732659,-781.4641252817686
-119.34778650784399,-1282.699812056289
-238.42683120529745,-1289.2617139373297
-125.77553627603106,-1256.576353746767
-123.55698281803431,-1546.7257059736926
-245.6794298239922,-1212.9427376422625
-132.4767737318394,-1224.6430985785053
-247.6520542262132,-1208.027017860034
-123.63324119000704,-1217.5155809985833
-397.4300389249692,-1270.153415756428
-127.4787505562581,-1196.0330936631717
-253.82120952938126,-1273.3567039426748
-1.4145832324271805,-1301.6327177277237
-127.07607797945587,-1220.2270667878956
-120.58854018653524,-1184.6110194487958
-125.00651835858251,-1282.8841143002328
-0.9132592191534065,-1239.800451092431
-116.469481107082,-1137.9174608824894
-248.60508277251753,-1233.7107714260467
-123.66414264086279,-1349.03553618879
-127.50309370718011,-1215.1593939882544
-0.6428576360845941,-1542.448668343832
-232.5305630525038,-1121.5292807838177
-245.50778553248335,-1231.838194403379
-241.88519886168532,-1371.3297270934709
-126.881635653268,-1246.7378879375767
-126.8382895465206,-1189.180053838072
-243.53556525884713,-1191.0550281061878
-123.50490594138232,-1362.443259503797
-1.6275769656676444,-1206.7020163274208
-2.555271454060158,-1360.7762634900262
-1.6591275430238832,-1243.623765062549
-240.04903824663225,-1264.4462657625227
-127.1781568474063,-1238.9491503868192
-314.8044605458606,-1173.5112381413235
-125.61243143241312,-1277.738473923397
-285.0325947182049,-1312.6528922920097
-127.07475802152581,-1583.103422678566
-2.159247988432395,-1200.1455805865467
-116.18671087897812,-1223.892952854069
-127.64921290821371,-1587.1209537709492
-121.01410177700672,-1221.9903696682738
-257.20233173283947,-1151.6326903626314
-123.03447911665097,-1275.537483129146
-378.5337291873336,-1211.1680510363074
-127.51129223148898,-1.3586712088605333
-128.44207411807108,-1182.1404611422684
-121.5211624147354,-1252.6322444729228
-126.21139974651824,-1453.1269401151637
-253.46507593472828,-1234.2034059626646
-236.55519615745578,-1572.5393494988675
-127.8741044579282,-1326.3287464580242
-245.53411985530934,-1352.930825175598
-123.74454458330189,-1157.7628957093657
-121.46974030423502,-1237.8418302349899
-126.97665061317963,-1583.9265564641257
-124.93805104091706,-1204.7405370440993
-247.3993378610279,-1195.3289466730878
-263.58447625102866,-1273.866948057418
-297.33268751497377,-1232.5920031207856
-251.84884703594602,-1279.1433554903315
-124.84067482468808,-1254.2846057672439
-127.88581203781945,-1582.2558909669913
-119.4128363407799,-2.8442464154632607
-244.77732604179536,-1574.7845969766704
-248.18542425565806,-1536.7818055855512
-249.7909931670965,-1217.8460664103293
-122.17441825557361,-1542.934350472578
-246.6630736343509,-1256.7085321250308
-252.36228710461782,-1308.7112148073404
-126.69169149695438,-1140.7063387870555
-126.1322250305228,-1238.2602535410417
-118.64981153504127,-1288.3152180543914
-127.38901989538206,-1588.894934628776
-1.4513140703398462,-1186.520218321606
-250.53463108025224,-1201.5386989602553
-127.78489111897748,-5.6602642621340475
-117.82859498596916,-1551.212935247878
-124.65182688992785,-0.6343466039232422
-4.552830277446878,-1579.5705861522074
-129.66397400344235,-1207.643645057348
-250.05422480205516,-1226.6968208381488
-5.98587739530354,-1546.1356569280158
-5.6740192043449555,-1201.5371827552888
-5.9081415169735125,-1230.5325672826334
-372.04116568366743,-1352.9766143095676
-130.0360963122287,-1272.28316110788
-259.5610821187568,-1203.888375434516
-125.26086049842712,-1185.4381151127982
-5.187389152579059,-1245.8731886623623
-118.5380501343159,-1539.2361126980895
-128.74032625813834,-1579.22318565713
-128.71584152815979,-1544.2131126678635
-127.77433438588506,-1263.7159744062421
-125.2733801323258,-0.3327141651399547
-123.17033884445246,-1554.8932069028228
-247.3318814150655,-1201.835970684637
-1.882228633825613,-1.9881023504467707
-128.21363147834694,-1186.0787319684666
-122.89516993829838,-1279.489666796556
-127.3577945657206,-1326.1460979101394
-119.80280774601715,-1214.42036243999
-127.20156867655606,-1187.3950010242306
-508.97424084091597,-1324.6805922953808
-333.1719683919321,-1266.8741149338873
-362.9421916663163,-1211.9504505108728
-254.14069519124246,-1236.4621849326743
-459.82784867717504,-1230.4556184966384
-335.77065232303954,-1219.3627488359837
-120.37211759486144,-3.15163149271667
-351.1625129015024,-1247.1083347438298
-249.83445940027755,-1347.218841364349
-127.1347746611124,-0.4883947561224726
-125.91764974574372,-1587.5873711859886
-241.41462776670863,-1371.6535127083707
-1.4149784510091237,-1316.2681202716947
-128.6530398797439,-1256.7524688878127
-241.5381977569888,-1350.515460204845
-391.6864845563791,-1192.6096549085594
-123.4921958519649,-1259.1858998654666
-319.61089951210977,-1209.6964019389927
-232.5888465861676,-1274.0249152965714
-124.14230114147728,-8.860127317203666
-2.052062159561907,-1215.7399234229035
-121.75695568259711,-1209.34034438614
-120.06111559342452,-1589.8229357459907
-249.51249429199234,-1254.3448989119747
